機器器具,メーカー,型番
CD1,Panasonic,XLX420AENP-LE9
CR1,Panasonic,XLX420KENP-LE9
CT1,Panasonic,XLX210NENC-LE9
CT1g,,同上ガード付
CT2,Panasonic,XLX420NENP-LE9
CT2g,,同上ガード付
UK1,Panasonic,XLX420PENT-LE9
UK2,Panasonic,XLW423MENZ-LE9
WL1,Panasonic,NNFW21810C-LE9
WL2,Panasonic,NNFW41800C-LE9
CL1,DAIKO,LZD-93562LWM
DL1,DAIKO,LZD-93549LWW
DL3,DAIKO,LZD-93548LWW
DL2,DAIKO,LZD-93734LWN
DL4,DAIKO,LLD-7088LUM4
DL5,DAIKO,LLD-7085LUW4
DL6,DAIKO,LZD-93550LWW
DL7,DAIKO,LZD-93562LWM
DL8,DAIKO,LZD – 93561LWM
DL9,DAIKO,LZD-93548ABB × 3
DL9,DAIKO,LZA-93039
DL10,DAIKO,LLD-7141LUM3
L1,DN,TRE2-1500L28-APL
LL2,DN,XC-LED2-1231L28
TP1,,TAD-ELT7W1-146J27-24A × 6
TP1,,TAD-ELT7W1-122J27-24A × 1
TP2,,TAD-ELT7W1-146J27-24A × 34
TP2,,TAD-ELT7W1-026J27-24A × 1
GL1,DAIKO,LLP-7030LU
SP1,DAIKO,LLS-7105LUM
